,A,B,C,D
Q000,G263,G373,G812,A261
Q001,G106,G309,G754,G223
Q002,G071,G723,G869,G336
Q003,G149,G832,G856,G367
Q004,G126,G304,G610,G198
Q005,G081,G850,G804,G206
Q006,G235,G354,G837,C261
Q007,G222,G811,G647,B603
Q008,G232,G315,G724,G660
Q009,G242,G330,G726,B657
Q010,G252,G365,G646,C603
Q011,G262,G376,G144,C657
Q012,G255,G349,G703,A251
Q013,G075,G345,G699,G210
Q014,G204,G702,G846,G142
Q015,G286,G355,G750,B251
Q016,G202,G652,G851,G334
Q017,G214,G877,G801,G718
Q018,G042,G617,G737,G143
Q019,G102,G761,G876,G147
Q020,G000,G002,G005,G155
Q021,G006,G001,G008,G153
Q022,G010,G012,G007,G154
Q023,G009,G004,G011,G080
Q024,G026,G034,G105,G049
Q025,G025,G032,G027,G184
Q026,G029,G094,G175,G038
Q027,G030,G095,G178,G037
Q028,G031,G096,G173,G035
Q029,G043,G099,G174,G052
Q030,G040,G100,G016,G070
Q031,G041,G101,G015,G069
Q032,G054,G103,G110,G148
Q033,G028,G107,G077,G152
Q034,G036,G108,G150,G073
Q035,G104,G076,G074,G050
Q036,G033,G109,G183,G159
Q037,G039,G053,G156,G185
Q038,G051,G182,G160,G378
Q039,G205,G181,G188,G368
Q040,G179,G186,G213,G613
Q041,G180,G189,G369,G755
Q042,G187,G220,G356,G771
Q043,G267,G268,G269,G270
Q044,G227,G228,G229,G230
Q045,G236,G237,G239,G238
Q046,G240,G241,G258,G265
Q047,G247,G248,G249,G250
Q048,G256,G257,G259,G260
Q049,G276,G278,G279,G280
Q050,G277,G281,G282,G285
Q051,G253,G234,G266,G264
Q052,G231,G244,G274,G254
Q053,G233,G275,G243,G245
Q054,G246,G283,G284,G271
Q055,G744,G867,G859,G875
Q056,G865,G854,G873,G871
Q057,G878,G858,G862,G880
Q058,G882,G872,G866,G874
Q059,G884,G881,G870,G855
Q060,G857,G863,G879,G860
Q061,A013,A044,G013,G044
Q062,C151,C251,G151,G251
Q063,B261,B600,G261,G600
Q064,A151,A600,B151,C600
Q065,A601,A622,B601,B622
Q066,C013,B013,C044,B044
Q067,A602,B602,C602,G602
Q068,C622,C601,A746,G746
Q069,G626,G658,G611,G668
Q070,G643,G656,G653,G711
Q071,G616,G700,G636,G675
Q072,G614,G742,G629,G719
Q073,G621,G680,G631,G682
Q074,G712,G615,G722,G630
Q075,G747,G749,G819,G762
Q076,G779,G818,G759,G821
Q077,G783,G831,G803,G685
Q078,G672,G752,G640,G777
Q079,G627,G784,G670,G690
Q080,G618,G800,G633,G707
Q081,G686,G676,G654,G669
Q082,G715,G623,G740,G701
Q083,G272,G735,G705,G828
Q084,G704,G833,G710,G639
Q085,G798,G706,G691,G638
Q086,G601,G604,G603,G709
Q087,G605,G727,G728,G608
Q088,G645,G696,G697,G648
Q089,G694,G695,G606,G607
Q090,G813,G824,G795,G827
Q091,G793,G844,G815,G774
Q092,G823,G794,G826,G814
Q093,G839,G796,G769,G816
Q094,G716,G825,G681,G790
Q095,G620,G764,G725,G834
Q096,G743,G852,G708,G817
Q097,G767,G667,G757,G651
Q098,G655,G799,G835,G836
Q099,G628,G772,G698,G807
Q100,G678,G787,G634,G778
Q101,G677,G786,G635,G781
Q102,G721,G830,G650,G665
Q103,G713,G822,G688,G797
Q104,G693,G802,G733,G842
Q105,G782,G673,G738,G847
Q106,G622,G663,G717,G642
Q107,G841,G624,G661,G731
Q108,G848,G748,G619,G679
Q109,G609,G753,G810,G845
Q110,G763,G689,G649,G671
Q111,G732,G662,G820,G765
Q112,G791,G788,G674,G657
Q113,G785,G760,G641,G741
Q114,G766,G756,G687,G612
Q115,G780,G637,G632,G776
Q116,G666,G714,G729,G773
Q117,G736,G770,G805,G843
Q118,G849,G734,G758,G664
Q119,G775,G840,G739,G684
Q120,G300,G301,G312,G314
Q121,G317,G331,G318,G323
Q122,G341,G343,G352,G305
Q123,G359,G364,G339,G346
Q124,G363,G379,G366,G350
Q125,G307,G310,G325,G328
Q126,G320,G321,G324,G327
Q127,G360,G361,G316,G348
Q128,G311,G306,G371,G347
Q129,G313,G326,G353,G377
Q130,G127,G111,G145,G207
Q131,G128,G112,G190,G751
Q132,G129,G113,G370,G806
Q133,G130,G114,G375,G838
Q134,G131,G115,G329,G808
Q135,G132,G116,G340,G659
Q136,G133,G117,G372,G853
Q137,G134,G118,G146,G344
Q138,G135,G119,G374,G868
Q139,G136,G120,G319,G883
Q140,G137,G121,G224,G273
Q141,G138,G122,G226,G625
Q142,G139,G123,G357,G692
Q143,G140,G124,G358,G730
Q144,G141,G125,G333,G768
Q145,G209,G191,G351,G683
Q146,G218,G192,G337,A657
Q147,G211,G193,G335,C746
Q148,G215,G194,G338,A603
Q149,G217,G195,G332,B746
Q150,G219,G196,G745,G864
Q151,G221,G197,G861,G792
Q152,G225,G199,G216,G789
Q153,G208,G200,G201,G809
Q154,G212,G203,G829,G720
Q155,G272,G003,,
